Original Product,Guessed Product,Review,Sentiment,Reply
Smartwatch,Timex,"The smartwatch is not only fashionable, but it also offers all the essential features, making it a perfect blend of style and functionality. I am impressed with its design and performance, and Iâ€™m happy with my purchase.","positive
","We're thrilled you love your new smartwatch!  We appreciate your feedback on its stylish design and functionality.  Thank you for choosing us and sharing your positive experience. We hope you enjoy it for years to come!
"
Monitor,ViewSonic,"Although the monitor looks sleek and modern, it does not live up to the price tag. The resolution is subpar, making it a less attractive option compared to similar products at a lower cost. I expected better performance given its price.","negative
","We appreciate your feedback regarding the monitor's performance.  We strive for excellence and are sorry it didn't meet your expectations. Could you contact our support team so we can investigate further and find a solution?
"
Laptop (Negative Review),Acer,"Unfortunately, this laptop does not meet my expectations. The performance is sluggish, and I am facing several issues that prevent me from using it effectively. I am planning to return it as it does not fulfill my needs.","negative
","We sincerely apologize that your laptop is not performing as expected.  We understand your frustration. Please contact our customer support team immediately to initiate a return and discuss your options.
"
Laptop (Positive Review),Lenovo,"This laptop has several great features that I enjoy, and the storage space is adequate for my needs, especially since I use a pendrive for additional storage. The battery life is impressive, lasting more than eight hours, which makes it perfect for work or travel without needing to recharge frequently.","positive
","We're delighted you're enjoying your laptop's features and impressive battery life! Thank you for sharing your positive experience. We appreciate your business and hope it continues to serve you well.
"
Smartphone,Google,"This smartphone excels in performance, with its fast processing speed and excellent camera quality for photos and videos. It handles multitasking without lag, and I enjoy using it for photography. However, the battery life doesn't last as long as I expected, and I often find myself needing to charge it halfway through the day.","mixed
","We appreciate your feedback! We're glad you love the performance and camera.  We're sorry the battery life fell short of expectations.  Could you contact support so we can help improve your experience?
"
Headphones,Sony,"These headphones deliver clear and crisp sound quality, making them great for listening to music, podcasts, or calls. However, after wearing them for extended periods, they become uncomfortable on the ears, which affects my overall experience. If they were more comfortable for long sessions, they would be perfect.","mixed
","We appreciate your feedback on our headphones. We're glad you enjoy the sound quality. We apologize for the discomfort.  Your comments are valuable as we continually strive to improve comfort.
"
Camera,Canon,"This camera takes fantastic photos in well-lit environments, with sharp details and vibrant colors. However, it doesnâ€™t perform as well in low-light conditions, where photos tend to be grainy or lack detail. While it's great for daytime use, I would look for a better option if low-light performance is essential.","mixed
","Thanks for your feedback! We're glad you appreciate the camera's daytime performance. We understand your concern about low-light capabilities and appreciate your suggestion for improvement in future models.
"
Keyboard,Logitech,"The keyboard is ergonomic and provides a comfortable typing experience, making it ideal for long work or study sessions. However, the keys are relatively noisy, which can be distracting in a quiet environment. I would prefer a quieter design, but itâ€™s still a solid keyboard overall.","mixed
","Thank you for your feedback! We're glad you find the keyboard ergonomic and comfortable. We appreciate your suggestion regarding noise reduction and will consider it for future designs.
"
Gaming Console,PlayStation,"The gaming console offers excellent performance, with fast load times and a wide variety of games available. The graphics are impressive, and it provides an enjoyable gaming experience. However, the console is quite bulky and takes up a lot of space, which might be inconvenient for those with limited room for equipment. Itâ€™s a great console but not the most space-efficient.","mixed
","Thanks for your feedback! We're thrilled you enjoy the console's performance and graphics.  We appreciate your comment about its size and will keep it in mind for future designs.
"
Bluetooth Speaker,JBL,"The Bluetooth speaker produces clear and loud sound, making it ideal for parties or outdoor use. However, the bass is lacking, which affects the overall sound experience, especially for music genres that rely on deep bass. While the sound quality is good, adding more bass would make it perfect for all types of music.","mixed
","Thanks for your feedback!  We appreciate you highlighting the speaker's strengths and pointing out areas for improvement.  We value your input as we continue to develop our products.
"
